Continent_Name,Continent_Code,Country_Name,NOC
Asia,AS,"Afghanistan, Islamic Republic of",AFG
Africa,AF,"Angola, Republic of",AGO
North America,NA,Netherlands Antilles,AHO
North America,NA,Anguilla,AIA
Europe,EU,Åland Islands,ALA
Europe,EU,"Albania, Republic of",ALB
Africa,AF,"Algeria, People's Democratic Republic of",ALG
Europe,EU,"Andorra, Principality of",AND
Africa,AF,"Angola, Republic of",ANG
North America,NA,Antigua and Barbuda,ANT
Oceania,OC,Australasia,ANZ
South America,SA,"Argentina, Argentine Republic",ARG
Asia,AS,"Armenia, Republic of",ARM
South America,SA,Aruba,ARU
Oceania,OC,American Samoa,ASA
Antarctica,AN,Antarctica (the territory South of 60 deg S),ATA
Antarctica,AN,French Southern Territories,ATF
Oceania,OC,"Australia, Commonwealth of",AUS
Europe,EU,"Austria, Republic of",AUT
Asia,AS,"Azerbaijan, Republic of",AZE
North America,NA,"Bahamas, Commonwealth of the",BAH
Asia,AS,"Bangladesh, People's Republic of",BAN
North America,NA,Barbados,BAR
Africa,AF,"Burundi, Republic of",BDI
Europe,EU,"Belgium, Kingdom of",BEL
Africa,AF,"Benin, Republic of",BEN
North America,NA,Bermuda,BER
North America,NA,"Bonaire, Sint Eustatius and Saba",BES
Asia,AS,"Bhutan, Kingdom of",BHU
Europe,EU,Bosnia and Herzegovina,BIH
North America,NA,Belize,BIZ
North America,NA,Saint Barthelemy,BLM
Africa,AF,Rhodesia,RHO
North America,NA,Newfoundland,NFL
Europe,EU,"Belarus, Republic of",BLR
Europe,EU,Bohemia,BOH
South America,SA,"Bolivia, Republic of",BOL
Africa,AF,"Botswana, Republic of",BOT
South America,SA,"Brazil, Federative Republic of",BRA
Asia,AS,"Bahrain, Kingdom of",BRN
Asia,AS,Brunei Darussalam,BRU
Europe,EU,"Bulgaria, Republic of",BUL
Africa,AF,Burkina Faso,BUR
Antarctica,AN,Bouvet Island (Bouvetoya),BVT
Africa,AF,Central African Republic,CAF
Asia,AS,"Cambodia, Kingdom of",CAM
North America,NA,Canada,CAN
North America,NA,Cayman Islands,CAY
Asia,AS,Cocos (Keeling) Islands,CCK
Africa,AF,"Congo, Republic of the",CGO
Africa,AF,"Chad, Republic of",CHA
South America,SA,"Chile, Republic of",CHI
Asia,AS,"China, People's Republic of",CHN
Africa,AF,"Cote d'Ivoire, Republic of",CIV
Africa,AF,"Cameroon, Republic of",CMR
Africa,AF,"Congo, Democratic Republic of the",COD
Oceania,OC,Cook Islands,COK
South America,SA,"Colombia, Republic of",COL
Africa,AF,"Comoros, Union of the",COM
Africa,AF,"Cape Verde, Republic of",CPV
North America,NA,"Costa Rica, Republic of",CRC
Europe,EU,"Croatia, Republic of",CRO
Europe,EU,Crete,CRT
North America,NA,"Cuba, Republic of",CUB
North America,NA,CuraĆ�Ā§ao,CUW
Asia,AS,Christmas Island,CXR
Asia,AS,"Cyprus, Republic of",CYP
Europe,EU,Czech Republic,CZE
Europe,EU,"Denmark, Kingdom of",DEN
Africa,AF,"Djibouti, Republic of",DJI
North America,NA,"Dominica, Commonwealth of",DMA
North America,NA,Dominican Republic,DOM
South America,SA,"Ecuador, Republic of",ECU
Africa,AF,"Egypt, Arab Republic of",EGY
Africa,AF,"Eritrea, State of",ERI
North America,NA,"El Salvador, Republic of",ESA
Africa,AF,Western Sahara,ESH
Europe,EU,"Spain, Kingdom of",ESP
Europe,EU,"Estonia, Republic of",EST
Africa,AF,"Ethiopia, Federal Democratic Republic of",ETH
Oceania,OC,"Fiji, Republic of the Fiji Islands",FIJ
Europe,EU,"Finland, Republic of",FIN
South America,SA,Falkland Islands (Malvinas),FLK
Europe,EU,"France, French Republic",FRA
Europe,EU,West Germany,FRG
Europe,EU,Faroe Islands,FRO
Oceania,OC,"Micronesia, Federated States of",FSM
Africa,AF,"Gabon, Gabonese Republic",GAB
Africa,AF,"Gambia, Republic of the",GAM
Europe,EU,United Kingdom of Great Britain & Northern Ireland,GBR
Africa,AF,"Guinea-Bissau, Republic of",GBS
Europe,EU,East Germany,GDR
Asia,AS,Georgia,GEO
Africa,AF,"Equatorial Guinea, Republic of",GEQ
Europe,EU,"Germany, Federal Republic of",GER
Europe,EU,"Guernsey, Bailiwick of",GGY
Africa,AF,"Ghana, Republic of",GHA
Europe,EU,Gibraltar,GIB
North America,NA,Guadeloupe,GLP
Europe,EU,"Greece, Hellenic Republic",GRE
North America,NA,Greenland,GRL
North America,NA,Grenada,GRN
North America,NA,"Guatemala, Republic of",GUA
South America,SA,French Guiana,GUF
Africa,AF,"Guinea, Republic of",GUI
Oceania,OC,Guam,GUM
South America,SA,"Guyana, Co-operative Republic of",GUY
North America,NA,"Haiti, Republic of",HAI
Asia,AS,"Hong Kong, Special Administrative Region of China",HKG
Antarctica,AN,Heard Island and McDonald Islands,HMD
North America,NA,"Honduras, Republic of",HON
Europe,EU,"Hungary, Republic of",HUN
Europe,EU,Isle of Man,IMN
Asia,AS,"Indonesia, Republic of",INA
Asia,AS,"India, Republic of",IND
Asia,AS,British Indian Ocean Territory (Chagos Archipelago),IOT
Asia,AS,"Iran, Islamic Republic of",IRI
Europe,EU,Ireland,IRL
Asia,AS,"Iraq, Republic of",IRQ
Europe,EU,"Iceland, Republic of",ISL
Asia,AS,"Israel, State of",ISR
North America,NA,United States Virgin Islands,ISV
Europe,EU,"Italy, Italian Republic",ITA
North America,NA,British Virgin Islands,IVB
North America,NA,Jamaica,JAM
Europe,EU,"Jersey, Bailiwick of",JEY
Asia,AS,"Jordan, Hashemite Kingdom of",JOR
Asia,AS,Japan,JPN
Asia,AS,"Kazakhstan, Republic of",KAZ
Africa,AF,"Kenya, Republic of",KEN
Asia,AS,Kyrgyz Republic,KGZ
Oceania,OC,"Kiribati, Republic of",KIR
North America,NA,"Saint Kitts and Nevis, Federation of",SKN
Asia,AS,"Korea, Republic of",KOR
Europe,EU,Kosovo,KOS
Asia,AS,"Saudi Arabia, Kingdom of",KSA
Asia,AS,"Kuwait, State of",KUW
Asia,AS,Lao People's Democratic Republic,LAO
Europe,EU,"Latvia, Republic of",LAT
Africa,AF,Libyan Arab Jamahiriya,LBA
Africa,AF,"Liberia, Republic of",LBR
North America,NA,Saint Lucia,LCA
Africa,AF,"Lesotho, Kingdom of",LES
Asia,AS,"Lebanon, Lebanese Republic",LIB
Europe,EU,"Liechtenstein, Principality of",LIE
Europe,EU,"Lithuania, Republic of",LTU
Europe,EU,"Luxembourg, Grand Duchy of",LUX
Asia,AS,"Macao, Special Administrative Region of China",MAC
Africa,AF,"Madagascar, Republic of",MAD
North America,NA,Saint Martin,MAF
Asia,AS,Malaya,MAL
Africa,AF,"Morocco, Kingdom of",MAR
Asia,AS,Malaysia,MAS
Africa,AF,"Malawi, Republic of",MAW
Europe,EU,"Moldova, Republic of",MDA
Asia,AS,"Maldives, Republic of",MDV
North America,NA,"Mexico, United Mexican States",MEX
Asia,AS,Mongolia,MGL
Oceania,OC,"Marshall Islands, Republic of the",MHL
Europe,EU,"Macedonia, The Former Yugoslav Republic of",MKD
Africa,AF,"Mali, Republic of",MLI
Europe,EU,"Malta, Republic of",MLT
Europe,EU,"Montenegro, Republic of",MNE
Oceania,OC,"Northern Mariana Islands, Commonwealth of the",MNP
Europe,EU,"Monaco, Principality of",MON
Africa,AF,"Mozambique, Republic of",MOZ
Africa,AF,"Mauritius, Republic of",MRI
North America,NA,Montserrat,MSR
Africa,AF,"Mauritania, Islamic Republic of",MTN
North America,NA,Martinique,MTQ
Asia,AS,"Myanmar, Union of",MYA
Africa,AF,Mayotte,MYT
Africa,AF,"Namibia, Republic of",NAM
Asia,AS,North Borneo,NBO
North America,NA,"Nicaragua, Republic of",NCA
Oceania,OC,New Caledonia,NCL
Europe,EU,"Netherlands, Kingdom of the",NED
Asia,AS,"Nepal, State of",NEP
Oceania,OC,Norfolk Island,NFK
Africa,AF,"Nigeria, Federal Republic of",NGR
Africa,AF,"Niger, Republic of",NIG
Oceania,OC,Niue,NIU
Europe,EU,"Norway, Kingdom of",NOR
Oceania,OC,"Nauru, Republic of",NRU
Oceania,OC,New Zealand,NZL
Asia,AS,"Oman, Sultanate of",OMA
Asia,AS,"Pakistan, Islamic Republic of",PAK
North America,NA,"Panama, Republic of",PAN
South America,SA,"Paraguay, Republic of",PAR
Oceania,OC,Pitcairn Islands,PCN
South America,SA,"Peru, Republic of",PER
Asia,AS,"Philippines, Republic of the",PHI
Asia,AS,Pelestine,PLE
Oceania,OC,"Palau, Republic of",PLW
Oceania,OC,"Papua New Guinea, Independent State of",PNG
Europe,EU,"Poland, Republic of",POL
Europe,EU,"Portugal, Portuguese Republic",POR
Asia,AS,"Korea, Democratic People's Republic of",PRK
Asia,AS,"Palestinian Territory, Occupied",PSE
North America,NA,"Puerto Rico, Commonwealth of",PUR
Oceania,OC,French Polynesia,PYF
Asia,AS,"Qatar, State of",QAT
Africa,AF,Reunion,REU
Europe,EU,Romania,ROU
Africa,AF,"South Africa, Republic of",RSA
Asia,AS,Russian Federation,RUS
Africa,AF,"Rwanda, Republic of",RWA
Oceania,OC,"Samoa, Independent State of",SAM
Africa,AF,"Senegal, Republic of",SEN
Africa,AF,"Seychelles, Republic of",SEY
Asia,AS,"Singapore, Republic of",SGP
Antarctica,AN,South Georgia and the South Sandwich Islands,SGS
Africa,AF,Saint Helena,SHN
Europe,EU,Svalbard & Jan Mayen Islands,SJM
Africa,AF,"Sierra Leone, Republic of",SLE
Europe,EU,"Slovenia, Republic of",SLO
Europe,EU,"San Marino, Republic of",SMR
Oceania,OC,Solomon Islands,SOL
Africa,AF,"Somalia, Somali Republic",SOM
North America,NA,Saint Pierre and Miquelon,SPM
Europe,EU,"Serbia, Republic of",SRB
Asia,AS,"Sri Lanka, Democratic Socialist Republic of",SRI
Africa,AF,South Sudan,SSD
Africa,AF,"Sao Tome and Principe, Democratic Republic of",STP
Africa,AF,"Sudan, Republic of",SUD
Europe,EU,"Switzerland, Swiss Confederation",SUI
South America,SA,"Suriname, Republic of",SUR
Europe,EU,Slovakia (Slovak Republic),SVK
Europe,EU,"Sweden, Kingdom of",SWE
Africa,AF,"Swaziland, Kingdom of",SWZ
North America,NA,Sint Maarten (Netherlands),SXM
Asia,AS,Syrian Arab Republic,SYR
Africa,AF,"Tanzania, United Republic of",TAN
North America,NA,Turks and Caicos Islands,TCA
Europe,EU,Czechoslovakia,TCH
Oceania,OC,"Tonga, Kingdom of",TGA
Europe,EU,Serbia and Montenegro,SCG
Asia,AS,"Thailand, Kingdom of",THA
Asia,AS,"Tajikistan, Republic of",TJK
Oceania,OC,Tokelau,TKL
Asia,AS,Turkmenistan,TKM
Asia,AS,"Timor-Leste, Democratic Republic of",TLS
Africa,AF,"Togo, Togolese Republic",TOG
North America,NA,West Indies Federation,WIF
Europe,EU,Saar,SAA
North America,NA,"Trinidad and Tobago, Republic of",TTO
Africa,AF,"Tunisia, Tunisian Republic",TUN
Europe,EU,"Turkey, Republic of",TUR
Oceania,OC,Tuvalu,TUV
Asia,AS,Chinese Taipei,TPE
Asia,AS,Taiwan,TWN
Asia,AS,United Arab Emirates,UAE
Asia/Africa,AS,United Arab Republic,UAR
Africa,AF,"Uganda, Republic of",UGA
Europe,EU,Ukraine,UKR
North America,NA,United States Minor Outlying Islands,UMI
Asia/Europe,AS,Soviet Union,EUN
Asia/Europe,AS,Soviet Union,URS
South America,SA,"Uruguay, Eastern Republic of",URU
North America,NA,United States of America,USA
Asia,AS,"Uzbekistan, Republic of",UZB
Oceania,OC,"Vanuatu, Republic of",VAN
Europe,EU,Holy See (Vatican City State),VAT
North America,NA,Saint Vincent and the Grenadines,VIN
South America,SA,"Venezuela, Bolivarian Republic of",VEN
Asia,AS,South Vietnam,VNM
Asia,AS,"Vietnam, Socialist Republic of",VIE
Oceania,OC,Wallis and Futuna,WLF
Asia,AS,Yemen,YEM
Europe,EU,Yugoslavia,YUG
Africa,AF,"Zambia, Republic of",ZAM
Africa,AF,"Zimbabwe, Republic of",ZIM
Asia,AS,South Yemen,YMD
Asia,AS,North Yemen,YAR
Unknown,UNK,Refugee Olympic Athletes,ROT
Unknown,UNK,Individual Olympic Athletes,IOA
Unknown,UNK,Unknow,UNK